{
  "images" : [
    {
      "filename" : "icon-41.png",
      "idiom" : "iphone",
      "scale" : "2x",
      "size" : "20x20"
    },
    {
      "filename" : "icon-1029.png",
      "idiom" : "iphone",
      "scale" : "3x",
      "size" : "20x20"
    },
    {
      "filename" : "icon-small.png",
      "idiom" : "iphone",
      "scale" : "1x",
      "size" : "29x29"
    },
    {
      "filename" : "icon-small@2x.png",
      "idiom" : "iphone",
      "scale" : "2x",
      "size" : "29x29"
    },
    {
      "filename" : "icon-small@3x.png",
      "idiom" : "iphone",
      "scale" : "3x",
      "size" : "29x29"
    },
    {
      "filename" : "icon-40@2x.png",
      "idiom" : "iphone",
      "scale" : "2x",
      "size" : "40x40"
    },
    {
      "filename" : "icon-40@3x.png",
      "idiom" : "iphone",
      "scale" : "3x",
      "size" : "40x40"
    },
    {
      "filename" : "icon.png",
      "idiom" : "iphone",
      "scale" : "1x",
      "size" : "57x57"
    },
    {
      "filename" : "icon@2x.png",
      "idiom" : "iphone",
      "scale" : "2x",
      "size" : "57x57"
    },
    {
      "filename" : "icon-60@2x.png",
      "idiom" : "iphone",
      "scale" : "2x",
      "size" : "60x60"
    },
    {
      "filename" : "icon-60@3x.png",
      "idiom" : "iphone",
      "scale" : "3x",
      "size" : "60x60"
    },
    {
      "filename" : "icon-1031.png",
      "idiom" : "ipad",
      "scale" : "1x",
      "size" : "20x20"
    },
    {
      "filename" : "icon-40.png",
      "idiom" : "ipad",
      "scale" : "2x",
      "size" : "20x20"
    },
    {
      "filename" : "icon-1030.png",
      "idiom" : "ipad",
      "scale" : "1x",
      "size" : "29x29"
    },
    {
      "idiom" : "ipad",
      "scale" : "2x",
      "size" : "29x29"
    },
    {
      "filename" : "icon-42.png",
      "idiom" : "ipad",
      "scale" : "1x",
      "size" : "40x40"
    },
    {
      "filename" : "icon-1028.png",
      "idiom" : "ipad",
      "scale" : "2x",
      "size" : "40x40"
    },
    {
      "filename" : "icon-76@2x.png",
      "idiom" : "ipad",
      "scale" : "1x",
      "size" : "76x76"
    },
    {
      "filename" : "icon-1026.png",
      "idiom" : "ipad",
      "scale" : "2x",
      "size" : "76x76"
    },
    {
      "filename" : "icon-1027.png",
      "idiom" : "ipad",
      "scale" : "2x",
      "size" : "83.5x83.5"
    },
    {
      "filename" : "icon-1025.png",
      "idiom" : "ios-marketing",
      "scale" : "1x",
      "size" : "1024x1024"
    },
    {
      "filename" : "icon-83.5@2x.png",
      "idiom" : "universal",
      "scale" : "2x"
    },
    {
      "filename" : "icon-50.png",
      "idiom" : "universal",
      "scale" : "1x",
      "size" : "50x50"
    },
    {
      "filename" : "icon-50@2x.png",
      "idiom" : "universal",
      "scale" : "2x",
      "size" : "50x50"
    },
    {
      "filename" : "icon-60.png",
      "idiom" : "universal",
      "scale" : "1x",
      "size" : "60x60"
    },
    {
      "filename" : "icon-72.png",
      "idiom" : "universal",
      "scale" : "1x",
      "size" : "72x72"
    },
    {
      "filename" : "icon-72@2x.png",
      "idiom" : "universal",
      "scale" : "2x",
      "size" : "72x72"
    },
    {
      "filename" : "icon-76.png",
      "idiom" : "universal",
      "scale" : "1x",
      "size" : "76x76"
    },
    {
      "filename" : "icon-1024.png",
      "idiom" : "universal",
      "scale" : "1x",
      "size" : "1024x1024"
    }
  ],
  "info" : {
    "author" : "xcode",
    "version" : 1
  }
}
